drives_mean,paint_mean,postup_mean
6.416163279509418,3.3930105013043694,0.9673599007844282
