drives_per36,paint_per36,postup_per36,shot_foul_rate
6.430717234585891,3.3903877264799744,0.9705674779206772,0.01772303889194267
