param,mean,sd,q5,q50,q95,rhat,ess
rebs_per_minute,0.145812,0.00936119,0.131114,0.145555,0.161782,1.00091,3464.83
phi,6.64826,1.70005,4.25022,6.44048,9.66255,1.00031,3356.06
reb_per_36,5.24922,0.337003,4.72009,5.23998,5.82418,1.00091,3464.79
