stat,n_clutch,n_garbage,sd_clutch,sd_garbage,ratio,p_levene,p_bartlett,p_F,verdict
PTS,5237,4474,0.6783748434868717,0.7057697092096464,1.0403830802185472,0.4657740412143487,0.005920435445898373,0.005906798863835494,"NULL (ratio=1.040, p=0.4658)"
REB,6173,5211,0.30945637449958097,0.27952534075262014,0.9032786647379231,6.967587931077345e-13,2.5797083303959134e-14,2.5946720539737025e-14,"NULL (ratio=0.903, p=0.0000)"
AST,5036,4302,0.20329267685619065,0.23836633305621543,1.17252788807949,0.00021103419700017092,1.7378409090477776e-27,0.0,"CONFIRM (ratio>1, p<0.05)"
