passes_made,potential_ast,secondary_ast,drive_ast
41.90172873354465,6.512879662537339,0.4466887460668921,0.6113183397535955
