n,n_nonzero,median,iqr_lo,iqr_hi,wilcoxon_stat,p_value,threshold,confirms,season
280,280,1.73576735340048,1.5317888296504412,1.9938842059918338,38669.0,6.817703889767608e-45,1.25,True,2017-18
302,302,1.6675542228587088,1.481820597387798,1.9309364754545324,45041.0,1.543429475948231e-48,1.25,True,2018-19
