n_top,n_bot,median_top,median_bot,ratio,ci_lo,ci_hi,lci_threshold,confirms,season
64,37,1.8036556970387703,1.5111111111111108,1.1935956818638922,1.1100036503993487,1.337074397705704,1.15,False,2017-18
53,38,1.8242278304197808,1.4484078113419685,1.2594711352251065,1.1571562722172382,1.391033930174557,1.15,True,2018-19
