n_top,n_bot,median_top,median_bot,ratio,ci_lo,ci_hi,season,pos,threshold_lci,confirms
32,13,1.8430356718415757,1.5317343946376205,1.2032345022046744,1.0950288362067593,1.3897714085502246,2017-18,G,1.05,True
21,14,1.7894062782655802,1.4045218472332897,1.2740323561292113,1.117224445214529,1.5475946190405014,2017-18,F,1.05,True
29,13,1.8242278304197808,1.5573529871022145,1.171364389144778,1.0638652809425144,1.3753071895271631,2018-19,G,1.05,True
21,13,1.8158047676339246,1.4135338345864668,1.2845852877410207,0.9996240252348847,1.5007244287671957,2018-19,F,1.05,False
