drives_per36,paint_per36,postup_per36,intentional_foul_proxy
6.416163279509418,3.3930105013043694,0.9673599007844285,0.017408796006726124
