{
  "PTS": {
    "alpha": 1.5813999631534212,
    "gamma": 0.8673425636321006,
    "r2": 0.7224033549687873,
    "raw_mae": 2.8214371469427353,
    "corr_mae": 2.728649699236485,
    "delta_pct": -3.288659037001529
  },
  "REB": {
    "alpha": 0.5429967002916194,
    "gamma": 0.8369501937443085,
    "r2": 0.7408543237495809,
    "raw_mae": 0.9631515153623458,
    "corr_mae": 0.9159049843106992,
    "delta_pct": -4.905410031346102
  },
  "AST": {
    "alpha": 0.29919134568928474,
    "gamma": 0.8807874873598891,
    "r2": 0.728305932806626,
    "raw_mae": 0.7167749248770244,
    "corr_mae": 0.7083298175504397,
    "delta_pct": -1.178209090954696
  },
  "STL": {
    "alpha": 0.2034119089709029,
    "gamma": 0.739905938714282,
    "r2": 0.5267049528071446,
    "raw_mae": 0.228181923964716,
    "corr_mae": 0.2147369864359718,
    "delta_pct": -5.892200966288286
  },
  "BLK": {
    "alpha": 0.07918208790458153,
    "gamma": 0.789663388107714,
    "r2": 0.6899457550487508,
    "raw_mae": 0.17594589677076644,
    "corr_mae": 0.16377057909794637,
    "delta_pct": -6.919921348710312
  },
  "TOV": {
    "alpha": 0.2082558590806114,
    "gamma": 0.8492506651747419,
    "r2": 0.6597208275548511,
    "raw_mae": 0.37856453753133656,
    "corr_mae": 0.3707118142302796,
    "delta_pct": -2.074342026927689
  },
  "FGM": {
    "alpha": 0.5844746452427723,
    "gamma": 0.8427298705619475,
    "r2": 0.710713683378088,
    "raw_mae": 1.0217733281897052,
    "corr_mae": 0.9807965661233508,
    "delta_pct": -4.010357379258844
  },
  "FGA": {
    "alpha": 1.3273151704592108,
    "gamma": 0.8310916416988556,
    "r2": 0.7146844439617098,
    "raw_mae": 2.079751182753828,
    "corr_mae": 1.9803577211267387,
    "delta_pct": -4.779103502923898
  },
  "FG3M": {
    "alpha": 0.18570030174638885,
    "gamma": 0.8535697987907547,
    "r2": 0.6934910932672583,
    "raw_mae": 0.37237517459923075,
    "corr_mae": 0.3735007575288927,
    "delta_pct": 0.30227120561228116
  },
  "FG3A": {
    "alpha": 0.6006660430174278,
    "gamma": 0.8389636296674178,
    "r2": 0.7123296183052623,
    "raw_mae": 0.9520508376636843,
    "corr_mae": 0.9388837946991812,
    "delta_pct": -1.3830188939085275
  },
  "FTM": {
    "alpha": 0.17746736812295505,
    "gamma": 0.9824738315907613,
    "r2": 0.7536027834058635,
    "raw_mae": 0.5797535251377481,
    "corr_mae": 0.5761170896897806,
    "delta_pct": -0.6272381780004777
  },
  "FTA": {
    "alpha": 0.26579553923583576,
    "gamma": 0.9615058045751257,
    "r2": 0.7564703818386105,
    "raw_mae": 0.7179802511665814,
    "corr_mae": 0.7028674721291608,
    "delta_pct": -2.1049017731149533
  }
}