season,n_games,win_pct,srs_only_winpct,ema_only_winpct,margin_rmse,margin_mae,margin_bias,home_pred_bias,home_court
2018-19,1144,0.6477272727272727,0.6459790209790209,0.6424825174825175,13.275195950604601,10.338780928051127,-0.1298079999369834,-0.0945970993768171,2.7243902439024392
2019-20,975,0.6502564102564102,0.6523076923076923,0.6430769230769231,13.10312294747182,10.357680756907138,-0.16817374234455712,-0.3617474920488851,2.130311614730878
2020-21,980,0.6418367346938776,0.6346938775510204,0.6204081632653061,13.973898624787127,11.02126014283889,-0.1974222747606538,-0.14638537704160268,0.9435185185185185
2021-22,1142,0.6462346760070052,0.648861646234676,0.6252189141856392,14.30133754227805,11.280946598665597,0.07614337153917573,-0.32961115251036205,1.7227642276422763
2022-23,1143,0.6307961504811899,0.63167104111986,0.6150481189851269,13.021608039250895,10.308811743982073,-0.13793416242423104,-0.2103945828671654,2.5
2023-24,1144,0.6372377622377622,0.6451048951048951,0.6372377622377622,14.215952747780758,11.10399226575662,-0.11839094382170498,-0.087434737824469,2.1463414634146343
2024-25,1140,0.6675438596491228,0.6578947368421053,0.6614035087719298,14.256875196229737,11.199896057618073,-0.04594271686437478,-0.015081059862313576,1.632520325203252
2025-26,1144,0.701048951048951,0.6958041958041958,0.6791958041958042,14.623750211648494,11.465231543863403,-0.05506630913621073,0.21735809229458522,1.7373983739837398
