drives_per36,paint_per36,postup_per36,pfd_per36
6.416163279509418,3.3930105013043694,0.9673599007844285,2.8540608212832823
