{
  "matrix": [
    [
      0,
      0,
      1,
      1,
      0
    ],
    [
      1,
      0,
      1,
      0,
      0
    ],
    [
      1,
      0,
      0,
      1,
      0
    ],
    [
      1,
      0,
      1,
      1,
      0
    ],
    [
      0,
      0,
      1,
      1,
      0
    ],
    [
      0,
      0,
      1,
      1,
      0
    ],
    [
      1,
      1,
      0,
      0,
      1
    ],
    [
      1,
      1,
      0,
      1,
      1
    ]
  ],
  "papers": [
    "P1",
    "P2",
    "P3",
    "P4",
    "P5",
    "P6",
    "P7",
    "P8"
  ],
  "pivots": [
    "a_finer",
    "b_downstream",
    "c_typed",
    "d_relational",
    "e_mediator"
  ],
  "pivot_frequency": [
    5,
    2,
    5,
    6,
    2
  ],
  "paper_pivot_count": [
    2,
    2,
    2,
    3,
    2,
    2,
    3,
    4
  ],
  "cooccurrence": [
    [
      5,
      2,
      2,
      3,
      2
    ],
    [
      2,
      2,
      0,
      1,
      2
    ],
    [
      2,
      0,
      5,
      4,
      0
    ],
    [
      3,
      1,
      4,
      6,
      1
    ],
    [
      2,
      2,
      0,
      1,
      2
    ]
  ],
  "jaccard_similarity": [
    [
      1.0,
      0.333,
      0.333,
      0.667,
      1.0,
      1.0,
      0.0,
      0.2
    ],
    [
      0.333,
      1.0,
      0.333,
      0.667,
      0.333,
      0.333,
      0.25,
      0.2
    ],
    [
      0.333,
      0.333,
      1.0,
      0.667,
      0.333,
      0.333,
      0.25,
      0.5
    ],
    [
      0.667,
      0.667,
      0.667,
      1.0,
      0.667,
      0.667,
      0.2,
      0.4
    ],
    [
      1.0,
      0.333,
      0.333,
      0.667,
      1.0,
      1.0,
      0.0,
      0.2
    ],
    [
      1.0,
      0.333,
      0.333,
      0.667,
      1.0,
      1.0,
      0.0,
      0.2
    ],
    [
      0.0,
      0.25,
      0.25,
      0.2,
      0.0,
      0.0,
      1.0,
      0.75
    ],
    [
      0.2,
      0.2,
      0.5,
      0.4,
      0.2,
      0.2,
      0.75,
      1.0
    ]
  ],
  "clusters_k3": {
    "P1": 2,
    "P2": 3,
    "P3": 3,
    "P4": 3,
    "P5": 2,
    "P6": 2,
    "P7": 1,
    "P8": 1
  },
  "clusters_k2": {
    "P1": 2,
    "P2": 2,
    "P3": 2,
    "P4": 2,
    "P5": 2,
    "P6": 2,
    "P7": 1,
    "P8": 1
  },
  "inverse_freq_weights": [
    1.6,
    4.0,
    1.6,
    1.3333333333333333,
    4.0
  ],
  "paper_novelty_score": [
    2.9333333333333336,
    3.2,
    2.9333333333333336,
    4.533333333333333,
    2.9333333333333336,
    2.9333333333333336,
    9.6,
    10.933333333333334
  ],
  "mutual_information": [
    [
      0.954,
      0.204,
      0.348,
      0.204,
      0.204
    ],
    [
      0.204,
      0.811,
      0.467,
      0.074,
      0.811
    ],
    [
      0.348,
      0.467,
      0.954,
      0.016,
      0.467
    ],
    [
      0.204,
      0.074,
      0.016,
      0.811,
      0.074
    ],
    [
      0.204,
      0.811,
      0.467,
      0.074,
      0.811
    ]
  ]
}