{
  "rank": 3,
  "units": [
    1,
    2,
    3,
    4,
    5,
    6,
    7,
    8,
    9
  ],
  "components": [
    {
      "origins": [
        [
          "Pacific",
          468585.2745341357
        ],
        [
          "ENCentral",
          168348.03731389748
        ],
        [
          "WSCentral",
          160066.46525398432
        ]
      ],
      "dests": [
        [
          "SAtl",
          0.8670333404641462
        ],
        [
          "Mountain",
          0.8546565375220425
        ],
        [
          "Pacific",
          0.7277409345588978
        ]
      ],
      "species": [
        [
          "C16",
          0.6103715942247647
        ],
        [
          "C17",
          0.42047365475919624
        ],
        [
          "C25",
          0.3420084077332626
        ],
        [
          "C15",
          0.25780842085240324
        ]
      ]
    },
    {
      "origins": [
        [
          "MidAtl",
          146117.9916974384
        ],
        [
          "NewEng",
          58917.9666970441
        ],
        [
          "SAtl",
          49987.85974336436
        ]
      ],
      "dests": [
        [
          "SAtl",
          2.084101020615311
        ],
        [
          "Pacific",
          1.104327418340688
        ],
        [
          "MidAtl",
          0.8721850726074571
        ]
      ],
      "species": [
        [
          "C16",
          0.4709283773824601
        ],
        [
          "C25",
          0.4053953317035768
        ],
        [
          "C26",
          0.3161300515884861
        ],
        [
          "C17",
          0.2925442832131142
        ]
      ]
    },
    {
      "origins": [
        [
          "Pacific",
          61476.23012505157
        ],
        [
          "ENCentral",
          44256.28780769051
        ],
        [
          "MidAtl",
          41982.83857765582
        ]
      ],
      "dests": [
        [
          "SAtl",
          4.0257034086017836
        ],
        [
          "MidAtl",
          3.481784714060895
        ],
        [
          "Pacific",
          3.4148043872588403
        ]
      ],
      "species": [
        [
          "C16",
          -0.9615482578485591
        ],
        [
          "C17",
          -0.6185557967810237
        ],
        [
          "C25",
          -0.4947082595914015
        ],
        [
          "C15",
          -0.3597563236223275
        ]
      ]
    }
  ],
  "geo_f2_split_half_congruence": 0.9499650740817186
}