{
  "n_train": 110379,
  "n_holdout": 82749,
  "N_frac_negative_pct": 0.0,
  "models": {
    "M0": {
      "r2_train": 0.5787948984995617,
      "r2_holdout": 0.5403446144549049,
      "params": {
        "const": -4.124467594771931,
        "log_mass_o": 0.5538628950652125,
        "log_mass_d": 0.5347325035033075,
        "log_dist": -0.874747682839905
      },
      "pvalues": {
        "const": 5.749564667386443e-12,
        "log_mass_o": 8.746710782183367e-60,
        "log_mass_d": 1.5710557490779307e-122,
        "log_dist": 0.0
      }
    },
    "M1_field": {
      "r2_train": 0.5788362459949876,
      "r2_holdout": 0.5403509974757501,
      "params": {
        "const": -4.123977746975696,
        "log_mass_o": 0.5545770753234786,
        "log_mass_d": 0.5339446990346695,
        "log_dist": -0.8746598465834395,
        "dN": 0.005897976853773663
      },
      "pvalues": {
        "const": 5.244981017196851e-12,
        "log_mass_o": 4.540267173171708e-58,
        "log_mass_d": 3.2266962424832563e-124,
        "log_dist": 0.0,
        "dN": 0.6431365151759465
      }
    },
    "M2_components": {
      "r2_train": 0.5789005095698608,
      "r2_holdout": 0.5406673665562672,
      "params": {
        "const": -4.121843315579213,
        "log_mass_o": 0.5485581661482896,
        "log_mass_d": 0.5397783357699165,
        "log_dist": -0.8746265702033849,
        "dINC": 0.013933899649084786,
        "dRENT": -0.0731558240682914
      },
      "pvalues": {
        "const": 5.628229252418777e-12,
        "log_mass_o": 1.1101105586745854e-56,
        "log_mass_d": 1.742046958257183e-115,
        "log_dist": 0.0,
        "dINC": 0.49860242568363533,
        "dRENT": 0.5322185053564489
      }
    },
    "M3_dMU": {
      "r2_train": 0.5788298593776189,
      "r2_holdout": 0.5403338856193003,
      "params": {
        "const": -4.124130964214938,
        "log_mass_o": 0.5549759179148424,
        "log_mass_d": 0.5335559107971348,
        "log_dist": -0.8746595398729058,
        "dMU": 0.00473550377216056
      },
      "pvalues": {
        "const": 5.200942910163948e-12,
        "log_mass_o": 4.200614694784602e-57,
        "log_mass_d": 3.985251902368363e-125,
        "log_dist": 0.0,
        "dMU": 0.6446159309634232
      }
    }
  },
  "falsifiers": {
    "F1_signal_ok": false,
    "F2_two_forces_fires": true,
    "F3_lossy_fires": false,
    "field_real_and_singular": false,
    "bN_train": 0.005897976853773663,
    "bN_holdout": 0.005222520158803074,
    "bINC": 0.013933899649084786,
    "bRENT": -0.0731558240682914,
    "ratio_I_over_R": 0.19046876754579933
  }
}