{
  "min_flow": 50,
  "holc_origins": 231,
  "groups": {
    "NH_White": {
      "n_corridors_train": 33950,
      "n_corridors_holdout": 25621,
      "n_origins_train": 207,
      "D": {
        "beta_train": 0.7371531626915764,
        "p_train": 8.155508356732107e-06,
        "se_train": 0.16524168922991136,
        "beta_holdout": 0.7242849235390607,
        "p_holdout": 5.521292213698958e-08,
        "se_holdout": 0.13329621227041716,
        "r2_M0_train": 0.5622016815423765,
        "r2_M1_train": 0.5692428794577652,
        "r2_M0_holdout": 0.5159634284269474,
        "r2_M1_holdout": 0.5232311167667367
      },
      "CD": {
        "beta_train": 0.13192170205666712,
        "p_train": 0.48167683716123166,
        "se_train": 0.1874931421181138,
        "beta_holdout": 0.14107708246192824,
        "p_holdout": 0.41166314796297954,
        "se_holdout": 0.17184186940615764,
        "r2_M0_train": 0.5622016815423765,
        "r2_M1_train": 0.5624888148629272,
        "r2_M0_holdout": 0.5159634284269474,
        "r2_M1_holdout": 0.5163216974663849
      },
      "status": "FIT"
    },
    "NH_Black": {
      "n_corridors_train": 8452,
      "n_corridors_holdout": 5895,
      "n_origins_train": 207,
      "D": {
        "beta_train": 0.1303496243042806,
        "p_train": 0.4773731601269483,
        "se_train": 0.18345308675020167,
        "beta_holdout": 0.10728618173975599,
        "p_holdout": 0.5128835293204281,
        "se_holdout": 0.16395731089697638,
        "r2_M0_train": 0.4635311672096537,
        "r2_M1_train": 0.4637786184934225,
        "r2_M0_holdout": 0.38894885998049444,
        "r2_M1_holdout": 0.3890197209817824
      },
      "CD": {
        "beta_train": 0.0264278974941049,
        "p_train": 0.903436534925868,
        "se_train": 0.21783391242085445,
        "beta_holdout": 0.06543689603468389,
        "p_holdout": 0.717395770329208,
        "se_holdout": 0.18079413858333374,
        "r2_M0_train": 0.4635311672096537,
        "r2_M1_train": 0.46354208079566084,
        "r2_M0_holdout": 0.38894885998049444,
        "r2_M1_holdout": 0.3889695207658169
      },
      "status": "FIT"
    },
    "Hispanic": {
      "n_corridors_train": 8279,
      "n_corridors_holdout": 6963,
      "n_origins_train": 207,
      "D": {
        "beta_train": 0.4515528679400576,
        "p_train": 0.04863889421122872,
        "se_train": 0.22901197145020016,
        "beta_holdout": 0.33014982784051083,
        "p_holdout": 0.11608690253321886,
        "se_holdout": 0.21009751570974242,
        "r2_M0_train": 0.5358856435690371,
        "r2_M1_train": 0.5380191346340886,
        "r2_M0_holdout": 0.4774772574458285,
        "r2_M1_holdout": 0.4783099851977082
      },
      "CD": {
        "beta_train": -0.047970016679315046,
        "p_train": 0.8330731028930001,
        "se_train": 0.22760293130368028,
        "beta_holdout": -0.05646468346907707,
        "p_holdout": 0.7681220538881932,
        "se_holdout": 0.19151463151366602,
        "r2_M0_train": 0.5358856435690371,
        "r2_M1_train": 0.5359207834291925,
        "r2_M0_holdout": 0.4774772574458285,
        "r2_M1_holdout": 0.47754020720684986
      },
      "status": "FIT"
    },
    "NH_AsianPI": {
      "n_corridors_train": 6194,
      "n_corridors_holdout": 4925,
      "n_origins_train": 202,
      "D": {
        "beta_train": 0.46547461056910855,
        "p_train": 0.042228530599847956,
        "se_train": 0.22915549622617745,
        "beta_holdout": 0.4392276086084999,
        "p_holdout": 0.041397990872593445,
        "se_holdout": 0.21535814763259464,
        "r2_M0_train": 0.5315195171272151,
        "r2_M1_train": 0.534261024932025,
        "r2_M0_holdout": 0.4732363143831808,
        "r2_M1_holdout": 0.4762411061536108
      },
      "CD": {
        "beta_train": -0.032589091527901556,
        "p_train": 0.8742140518301384,
        "se_train": 0.2058586916328522,
        "beta_holdout": 9.61586583133913e-07,
        "p_holdout": 0.999996101170478,
        "se_holdout": 0.19678600570337282,
        "r2_M0_train": 0.5315195171272151,
        "r2_M1_train": 0.5315404649416375,
        "r2_M0_holdout": 0.4732363143831808,
        "r2_M1_holdout": 0.4732089768817346
      },
      "status": "FIT"
    },
    "NH_Other": {
      "n_corridors_train": 3410,
      "n_corridors_holdout": 3717,
      "n_origins_train": 205,
      "D": {
        "beta_train": 0.24502840809986232,
        "p_train": 0.05731240178564296,
        "se_train": 0.12889985866022202,
        "beta_holdout": 0.299383504443673,
        "p_holdout": 0.0046109064371643894,
        "se_holdout": 0.10567608136749589,
        "r2_M0_train": 0.3137178910429178,
        "r2_M1_train": 0.3155066933850096,
        "r2_M0_holdout": 0.24737792662861535,
        "r2_M1_holdout": 0.2511114064584231
      },
      "CD": {
        "beta_train": 0.04624424766509256,
        "p_train": 0.7388502549846278,
        "se_train": 0.13871486495805052,
        "beta_holdout": 0.10400672342203969,
        "p_holdout": 0.37006295700453284,
        "se_holdout": 0.11603290228402542,
        "r2_M0_train": 0.3137178910429178,
        "r2_M1_train": 0.3137928937159018,
        "r2_M0_holdout": 0.24737792662861535,
        "r2_M1_holdout": 0.24769079112732573
      },
      "status": "FIT"
    },
    "NH_AIAN": {
      "n_corridors_train": 681,
      "n_corridors_holdout": 435,
      "n_origins_train": 166,
      "D": {
        "beta_train": 0.2271840015872919,
        "p_train": 0.5049415334573182,
        "se_train": 0.34074116862492654,
        "beta_holdout": 0.21249392440786127,
        "p_holdout": 0.359322876891357,
        "se_holdout": 0.23181422596736398,
        "r2_M0_train": 0.24711700679883297,
        "r2_M1_train": 0.24885673831358146,
        "r2_M0_holdout": 0.027062053506838102,
        "r2_M1_holdout": 0.027527655734565837
      },
      "CD": {
        "beta_train": -0.08349573732770638,
        "p_train": 0.753279407249817,
        "se_train": 0.2656408316569447,
        "beta_holdout": 0.034842510182565456,
        "p_holdout": 0.884076107272233,
        "se_holdout": 0.23896811405816826,
        "r2_M0_train": 0.24711700679883297,
        "r2_M1_train": 0.24733158509916697,
        "r2_M0_holdout": 0.027062053506838102,
        "r2_M1_holdout": 0.026922122496739975
      },
      "status": "FIT"
    }
  },
  "falsifiers": {
    "F1_highest_power_group": "NH_White",
    "F1_signal_fires_correctly": true,
    "F2_apartheid_differential": {
      "NH_Black": {
        "beta": 0.1303496243042806,
        "beta_white": 0.7371531626915764,
        "diff": -0.6068035383872958,
        "z": -2.4576846473064298,
        "p_diff": 0.013983590462073536,
        "minority_gt_white_sig": false
      },
      "Hispanic": {
        "beta": 0.4515528679400576,
        "beta_white": 0.7371531626915764,
        "diff": -0.28560029475151877,
        "z": -1.011322730822307,
        "p_diff": 0.311861990111566,
        "minority_gt_white_sig": false
      }
    },
    "F3_transfer_ok": true
  }
}