{
  "PTS_per36": {
    "usg__mpg": 0.24569041364629407,
    "usg__usg_adj": 0.567054417772651,
    "usg__mpg_adj": 0.18555045622483768,
    "mpg__usg_adj": 0.2172570505435335,
    "mpg__mpg_adj": 0.0015362191875245568,
    "usg_adj__mpg_adj": 0.18831733261117134
  },
  "REB_per36": {
    "usg__mpg": 0.3041029359760159,
    "usg__usg_adj": 0.3436893111189516,
    "usg__mpg_adj": 0.06981737350777983,
    "mpg__usg_adj": -0.034978015260984874,
    "mpg__mpg_adj": 0.24618228773920003,
    "usg_adj__mpg_adj": 0.15063775606812024
  },
  "AST_per36": {
    "usg__mpg": 0.3952108142569858,
    "usg__usg_adj": 0.3829629682639464,
    "usg__mpg_adj": 0.38663945792258037,
    "mpg__usg_adj": 0.31144443770988495,
    "mpg__mpg_adj": 0.3175406913956985,
    "usg_adj__mpg_adj": 0.3804700479507904
  },
  "BLK_per36": {
    "usg__mpg": 0.23973370288776386,
    "usg__usg_adj": 0.6181358110018429,
    "usg__mpg_adj": 0.10675423052448352,
    "mpg__usg_adj": 0.19811535960166748,
    "mpg__mpg_adj": 0.2991679323825911,
    "usg_adj__mpg_adj": 0.26716755957753346
  }
}