{
  "thread_A_relocation_map": {
    "PTS_per36": {
      "off_region": {
        "Rim": {
          "ratio": 0.8094676284761639,
          "p": 3.092380516846142e-05,
          "n": 678
        },
        "Paint": {
          "ratio": 1.3264981850789601,
          "p": 0.11780675022775003,
          "n": 42
        },
        "Perimeter": {
          "ratio": 1.1896264251053197,
          "p": 0.0003045717596529436,
          "n": 2070
        }
      },
      "def_region": {
        "RimProtector": {
          "ratio": 0.7568690414591024,
          "p": 1.201454598101681e-05,
          "n": 844
        },
        "Hybrid": {
          "ratio": 1.2304858410068154,
          "p": 0.0008900511027504492,
          "n": 1042
        },
        "Perimeter": {
          "ratio": 1.0245889137765467,
          "p": 0.40742996135840703,
          "n": 904
        }
      },
      "position": {
        "Center": {
          "ratio": 0.8521260831171286,
          "p": 0.007852359648202464,
          "n": 365
        },
        "Forward": {
          "ratio": 1.0912014402406196,
          "p": 0.27104475221762836,
          "n": 1069
        },
        "Guard": {
          "ratio": 0.9859507842341828,
          "p": 0.5132719398406225,
          "n": 1356
        }
      },
      "summary": {
        "best_off": [
          "Paint",
          1.3264981850789601
        ],
        "best_def": [
          "Hybrid",
          1.2304858410068154
        ],
        "best_pos": [
          "Forward",
          1.0912014402406196
        ],
        "best_court_region": [
          "Paint",
          1.3264981850789601
        ],
        "region_beats_position": true
      }
    },
    "REB_per36": {
      "off_region": {
        "Rim": {
          "ratio": 2.1715457505748046,
          "p": 1.7413098310985592e-42,
          "n": 678
        },
        "Paint": {
          "ratio": 1.1576464151614037,
          "p": 0.32158666014823395,
          "n": 42
        },
        "Perimeter": {
          "ratio": 0.4312198606638441,
          "p": 2.3921530945330723e-51,
          "n": 2070
        }
      },
      "def_region": {
        "RimProtector": {
          "ratio": 1.305347932599696,
          "p": 1.6999858609425668e-13,
          "n": 844
        },
        "Hybrid": {
          "ratio": 0.8056321337865051,
          "p": 1.434903886309744e-06,
          "n": 1042
        },
        "Perimeter": {
          "ratio": 0.6722894862148757,
          "p": 3.759918909714444e-20,
          "n": 904
        }
      },
      "position": {
        "Center": {
          "ratio": 1.2397432214007622,
          "p": 0.0001867729908058634,
          "n": 365
        },
        "Forward": {
          "ratio": 0.518353808907216,
          "p": 4.289807410555346e-06,
          "n": 1069
        },
        "Guard": {
          "ratio": 0.22038127527991686,
          "p": 3.302416175049536e-120,
          "n": 1356
        }
      },
      "summary": {
        "best_off": [
          "Rim",
          2.1715457505748046
        ],
        "best_def": [
          "RimProtector",
          1.305347932599696
        ],
        "best_pos": [
          "Center",
          1.2397432214007622
        ],
        "best_court_region": [
          "Rim",
          2.1715457505748046
        ],
        "region_beats_position": true
      }
    },
    "AST_per36": {
      "off_region": {
        "Rim": {
          "ratio": 0.7995555400635059,
          "p": 4.920173570396603e-07,
          "n": 678
        },
        "Paint": {
          "ratio": 1.9760353900910885,
          "p": 0.0005690824219467804,
          "n": 42
        },
        "Perimeter": {
          "ratio": 1.0386881686322618,
          "p": 0.004265880026214748,
          "n": 2070
        }
      },
      "def_region": {
        "RimProtector": {
          "ratio": 0.7374986010171409,
          "p": 2.1063033023173061e-10,
          "n": 844
        },
        "Hybrid": {
          "ratio": 1.2069548404682067,
          "p": 0.027019968537390162,
          "n": 1042
        },
        "Perimeter": {
          "ratio": 0.9991251959549379,
          "p": 0.0045472499684897985,
          "n": 904
        }
      },
      "position": {
        "Center": {
          "ratio": 0.5413087358019345,
          "p": 6.109902962286446e-14,
          "n": 365
        },
        "Forward": {
          "ratio": 0.4923836876293743,
          "p": 2.5359994256396883e-38,
          "n": 1069
        },
        "Guard": {
          "ratio": 1.9920929132411602,
          "p": 6.197763562916988e-49,
          "n": 1356
        }
      },
      "summary": {
        "best_off": [
          "Paint",
          1.9760353900910885
        ],
        "best_def": [
          "Hybrid",
          1.2069548404682067
        ],
        "best_pos": [
          "Guard",
          1.9920929132411602
        ],
        "best_court_region": [
          "Paint",
          1.9760353900910885
        ],
        "region_beats_position": false
      }
    },
    "BLK_per36": {
      "off_region": {
        "Rim": {
          "ratio": 2.4568353400066716,
          "p": 1.7030400614851368e-54,
          "n": 678
        },
        "Paint": {
          "ratio": 0.47429401531189586,
          "p": 0.24738945803344917,
          "n": 42
        },
        "Perimeter": {
          "ratio": 0.4155760962043304,
          "p": 3.3714600467824388e-53,
          "n": 2070
        }
      },
      "def_region": {
        "RimProtector": {
          "ratio": 2.480788969053566,
          "p": 1.1406838422525199e-39,
          "n": 844
        },
        "Hybrid": {
          "ratio": 0.5629428319330111,
          "p": 9.401722565725712e-08,
          "n": 1042
        },
        "Perimeter": {
          "ratio": 0.45747925461687305,
          "p": 5.592494566044503e-23,
          "n": 904
        }
      },
      "position": {
        "Center": {
          "ratio": 2.2920604666108653,
          "p": 8.268012453122555e-30,
          "n": 365
        },
        "Forward": {
          "ratio": 0.7856440134775196,
          "p": 0.18404038413276305,
          "n": 1069
        },
        "Guard": {
          "ratio": 0.1502837612196794,
          "p": 4.236122231419154e-96,
          "n": 1356
        }
      },
      "summary": {
        "best_off": [
          "Rim",
          2.4568353400066716
        ],
        "best_def": [
          "RimProtector",
          2.480788969053566
        ],
        "best_pos": [
          "Center",
          2.2920604666108653
        ],
        "best_court_region": [
          "RimProtector",
          2.480788969053566
        ],
        "region_beats_position": true
      }
    }
  },
  "thread_B_dynamic_robustness": {
    "off_feast": {
      "locked_5_2": {
        "per_obs": {
          "PTS_per36": -0.114,
          "REB_per36": -0.01,
          "AST_per36": -0.016,
          "BLK_per36": -0.176
        },
        "mean": -0.079,
        "train_n": 5,
        "hold_n": 2
      },
      "alt_3_4": {
        "per_obs": {
          "PTS_per36": -0.071,
          "REB_per36": -0.083,
          "AST_per36": 0.085,
          "BLK_per36": -0.228
        },
        "mean": -0.074,
        "train_n": 3,
        "hold_n": 4
      },
      "alt_4_3": {
        "per_obs": {
          "PTS_per36": -0.071,
          "REB_per36": 0.016,
          "AST_per36": 0.118,
          "BLK_per36": 0.259
        },
        "mean": 0.081,
        "train_n": 4,
        "hold_n": 3
      }
    },
    "def_feast": {
      "locked_5_2": {
        "per_obs": {
          "PTS_per36": 0.002,
          "REB_per36": -0.115,
          "AST_per36": 0.021,
          "BLK_per36": 0.078
        },
        "mean": -0.003,
        "train_n": 5,
        "hold_n": 2
      },
      "alt_3_4": {
        "per_obs": {
          "PTS_per36": 0.064,
          "REB_per36": -0.048,
          "AST_per36": -0.088,
          "BLK_per36": -0.237
        },
        "mean": -0.077,