{
  "relocation_variance_ratio": {
    "pooled": {
      "BLK_per36": {
        "by_region": {
          "RimProtector": {
            "ratio": 2.4926208582733933,
            "p_levene": 5.349774955440529e-40,
            "n_group": 847,
            "var_group": 0.6030946209132249
          },
          "Hybrid": {
            "ratio": 0.5610531842633562,
            "p_levene": 7.938147252487656e-08,
            "n_group": 1044,
            "var_group": 0.2631998254125929
          },
          "Perimeter": {
            "ratio": 0.45568063717889906,
            "p_levene": 4.322479300567727e-23,
            "n_group": 907,
            "var_group": 0.20616171000587374
          }
        },
        "by_position": {
          "Center": {
            "ratio": 2.300497781909085,
            "p_levene": 5.755163809641235e-30,
            "n_group": 369,
            "var_group": 0.5243493119130225
          },
          "Forward": {
            "ratio": 0.7774825357079493,
            "p_levene": 0.14756586037031705,
            "n_group": 1072,
            "var_group": 0.332493928716596
          },
          "Guard": {
            "ratio": 0.149822863733298,
            "p_levene": 1.3767263227380696e-96,
            "n_group": 1357,
            "var_group": 0.07719925752031045
          }
        }
      },
      "REB_per36": {
        "by_region": {
          "RimProtector": {
            "ratio": 1.300695044426308,
            "p_levene": 2.7455708817701873e-13,
            "n_group": 847,
            "var_group": 9.064679392499938
          },
          "Hybrid": {
            "ratio": 0.8055883931009721,
            "p_levene": 1.3552787985869857e-06,
            "n_group": 1044,
            "var_group": 7.428551496821107
          },
          "Perimeter": {
            "ratio": 0.6755792940682429,
            "p_levene": 5.24038554389018e-20,
            "n_group": 907,
            "var_group": 6.016395910173023
          }
        },
        "by_position": {
          "Center": {
            "ratio": 1.2387656843135277,
            "p_levene": 0.00015110599755933642,
            "n_group": 369,
            "var_group": 6.291468603731993
          },
          "Forward": {
            "ratio": 0.5178931990974445,
            "p_levene": 3.2612993624620713e-06,
            "n_group": 1072,
            "var_group": 5.218580970720728
          },
          "Guard": {
            "ratio": 0.2202850976893047,
            "p_levene": 4.816951276853726e-121,
            "n_group": 1357,
            "var_group": 1.8547437173616301
          }
        }
      }
    },
    "by_season": {
      "BLK_per36": {
        "2019-20": {
          "RimProtector": {
            "ratio": 2.1086439227387572,
            "p_levene": 8.160324300269602e-05,
            "n_group": 122,
            "var_group": 0.6517088393304284
          },
          "Center": {
            "ratio": 2.287334897997556,
            "p_levene": 0.00034258037027818647,
            "n_group": 52,
            "var_group": 0.5463223359107676
          }
        },
        "2020-21": {
          "RimProtector": {
            "ratio": 2.9574211170862355,
            "p_levene": 5.508300340381618e-10,
            "n_group": 122,
            "var_group": 0.71308228060396
          },
          "Center": {
            "ratio": 3.2278476425240608,
            "p_levene": 3.608597207265366e-08,
            "n_group": 53,
            "var_group": 0.6933626454264152
          }
        },
        "2021-22": {
          "RimProtector": {
            "ratio": 2.052836432723504,
            "p_levene": 0.00014121273907674947,
            "n_group": 128,
            "var_group": 0.45185051441295043
          },
          "Center": {
            "ratio": 2.019147797462438,
            "p_levene": 0.0002611920223263773,
            "n_group": 52,
            "var_group": 0.40324905633878716
          }
        },
        "2022-23": {
          "RimProtector": {
            "ratio": 3.474680496505596,
            "p_levene": 3.704709336962359e-10,
            "n_group": 122,
            "var_group": 0.6442686767157884
          },
          "Center": {
            "ratio": 2.2853795803432226,
            "p_levene": 3.9526970946095484e-05,
            "n_group": 50,
            "var_group": 0.5103864909908712
          }
        },
        "2023-24": {
          "RimProtector": {
            "ratio": 3.329351137111072,
            "p_levene": 8.317407092164907e-10,
            "n_group": 120,
            "var_group": 0.6417132947794331
          },
          "Center": {
            "ratio": 1.9449043072329333,
            "p_levene": 0.0004587321390599919,
            "n_group": 49,
            "var_group": 0.48496100825189603
          }
        },
        "2024-25": {
          "RimProtector": {
            "ratio": 2.1204265615161098,
            "p_levene": 0.00017600717077725228,
            "n_group": 124,
            "var_group": 0.5808206543607964
          },
          "Center": {
            "ratio": 1.9313071015293732,
            "p_levene": 0.0001140490118740762,
            "n_group": 57,
            "var_group": 0.4829913608205677
          }
        },
        "2025-26": {
          "RimProtector": {
            "ratio": 2.0119458129611374,
            "p_levene": 3.746507527367666e-06,
            "n_group": 109,
            "var_group": 0.5443162185300336
          },
          "Center": {
            "ratio": 2.4378165563808385,
            "p_levene": 1.4472541809520915e-07,
            "n_group": 56,
            "var_group": 0.5384430879278985
          }
        }
      }
    }
  },
  "f4_bootstrap_ci": {
    "off_feast": {
      "PTS_per36": {
        "kappa": -0.11428571428571432,
        "ci": [
          -0.34615384615384626,
          0.06735751295336789
        ],
        "n": 15,
        "straddles_zero": true
      },
      "REB_per36": {
        "kappa": -0.010362694300518172,
        "ci": [
          -0.15384615384615374,
          0.1269841269841271
        ],
        "n": 15,
        "straddles_zero": true
      },
      "AST_per36": {
        "kappa": -0.015624999999999778,
        "ci": [
          -0.16666666666666674,
          0.16666666666666663
        ],
        "n": 15,
        "straddles_zero": true
      },
      "BLK_per36": {
        "kappa": -0.17647058823529416,
        "ci": [
          -0.47058823529411753,
          0.15496258802816884
        ],
        "n": 15,
        "straddles_zero": true
      }
    },
    "def_feast": {
      "PTS_per36": {
        "kappa": 0.0023866348448685626,
        "ci": [
          -0.10791366906474797,
          0.13091771574530167
        ],
        "n": 22,
        "straddles_zero": true
      },
      "REB_per36": {
        "kappa": -0.11466666666666647,
        "ci": [
          -0.27374818261122413,
          0.06967101114147563
        ],
        "n": 22,
        "straddles_zero": true
      },
      "AST_per36": {
        "kappa": 0.020942408376963373,
        "ci": [
          -0.1709505712397319,
          0.20002793296089366
        ],
        "n": 22,
        "straddles_zero": true
      },
      "BLK_per36": {
        "kappa": 0.0782122905027931,
        "ci": [
          -0.1611111111111112,
          0.31639383092957146
        ],
        "n": 22,
        "straddles_zero": true
      }
    },
    "usg": {
      "PTS_per36": {
        "kappa": 0.05673758865248224,
        "ci": [
          -0.13435660343699823,
          0.2509962049335857
        ],
        "n": 19,
        "straddles_zero": true
      },
      "REB_per36": {
        "kappa": -0.041935483870967794,
        "ci": [
          -0.2170818505338079,
          0.13355519142995756
        ],
        "n": 19,
        "straddles_zero": true
      },
      "AST_per36": {
        "kappa": 0.07317073170731703,
        "ci": [
          -0.1215277777777779,
          0.27761013504654486
        ],
        "n": 19,
        "straddles_zero": true
      },