stat,n_clutch,n_garbage,sd_clutch,sd_garbage,ratio,p_levene,p_bartlett,p_F,verdict
PTS,5102,4615,0.8040644770447533,0.6940102360566688,0.8631275922142759,0.14701215401674614,1.9431760418240405e-24,1.9527549036075437e-24,"NULL (ratio=0.863, p=0.1470)"
REB,6043,5354,0.31387517529776776,0.27051980556151617,0.8618706634090411,8.736998462669466e-12,7.516821048939355e-29,7.561876666335254e-29,"NULL (ratio=0.862, p=0.0000)"
AST,4844,4427,0.22396868852804003,0.23396808181944173,1.044646389444522,0.16870619475038065,0.0029605189849324525,0.0029562667935192355,"NULL (ratio=1.045, p=0.1687)"
