drives,drive_tov,post_touch_tov
6.416163279509418,0.44204603339393006,0.06675991184567591
