season,test_set,n_in,n_out,var_in,var_out,ratio_var,ratio_sd,p_levene,p_bartlett,p_F_two_sided
2023-24,Stan vets only (n=200 cap),21,132,5.042100302308999,5.660456200247437,0.8907586462887199,0.9438001092862408,0.7485395681709568,0.7390524648907522,0.8019781629673914
2024-25,Stan vets only (n=200 cap),21,110,4.028801074090407,5.823925234041983,0.6917673067884313,0.8317254996622573,0.245529696329122,0.30886031261920827,0.3464688927399505
2025-26,Full ship (n=567),71,414,9.924466002458356,13.229098560302383,0.7501997174803351,0.8661407030502234,0.2833088164724757,0.12958220055072453,0.14051394679497456
