{
  "n_players": 355,
  "mae": 0.5831439664146699,
  "bias": 0.1568745612885616,
  "naive_mae": 0.6479335158559217,
  "v4_lite_mae": 0.6054003855375456,
  "compose_vs_v4": 3.6763139988941096,
  "compose_vs_naive": 9.999413189123985,
  "league_ft_pct": 0.7768412438625204,
  "ft_pct_prior_strength": 50
}