cohort,season,stat,n,mae_metadata,mae_adjudicated,delta,ci95_lo,ci95_hi,wilcoxon_p,pct_improvement
A_flip,24-25,PTS,12,1.3783253672690228,1.8002740045690253,-0.42194863730000254,-1.0840862020364979,0.24690310871543686,0.26611328125,-30.61313731285671
A_flip,24-25,REB,12,0.9861944632414376,0.8876728253598669,0.09852163788157065,-0.053130863678953304,0.2550216731501843,0.4697265625,9.990082235682845
A_flip,24-25,BLK,12,0.27799688730078537,0.2837098969637599,-0.005713009662974555,-0.012074207377338593,-0.0011541546052544153,0.02099609375,-2.055062457153784
B_all_230,24-25,PTS,56,1.8903424735091119,2.027394405764615,-0.13705193225550305,-0.30703242693912736,0.017046703834564803,0.07313806917102694,-7.250111245772759
B_all_230,24-25,REB,56,0.6303818984393965,0.6129236982341658,0.0174582002052307,-0.01603712470696372,0.058362785969999095,1.0,2.7694640738338228
B_all_230,24-25,BLK,56,0.16695396940580523,0.17136583042401363,-0.004411861018208396,-0.014724843489904276,0.002613869100245129,0.06195278853716299,-2.6425613202910703
C_non_flip,24-25,PTS,36,2.163235510549209,2.163235510549209,0.0,0.0,0.0,1.0,0.0
C_non_flip,24-25,REB,36,0.5830388817440085,0.5830388817440085,0.0,0.0,0.0,1.0,0.0
C_non_flip,24-25,BLK,36,0.14568733663372196,0.14568733663372196,0.0,0.0,0.0,1.0,0.0
