{
  "sweep_results": {
    "PTS": {
      "stat": "PTS",
      "n_13plus": 33,
      "n_under13": 403,
      "cm_13plus": [
        -0.16757022672024605,
        10.551157356271242,
        13.923317061469927,
        388.9260321905881,
        1136.256194942699,
        20958.40690573498
      ],
      "cm_under13": [
        0.29097386032413874,
        13.039541598794372,
        2.9748084832841615,
        543.9084452982717,
        36.795027971708876,
        38922.930818770525
      ],
      "p_moments": [
        0.39,
        0.41,
        0.53,
        0.69,
        0.47,
        0.73
      ],
      "sig_higher_moments_count": 0,
      "cf_higher_mode_frac_sig": 0.17391304347826086,
      "peak_t": -4.500000000000002,
      "peak_diff": 0.3579826997058825,
      "peak_p": 0.01,
      "verdict": "MIXED"
    },
    "REB": {
      "stat": "REB",
      "n_13plus": 33,
      "n_under13": 403,
      "cm_13plus": [
        -0.6850691410377726,
        1.3838366153703447,
        -0.7924457937773939,
        9.996040026863398,
        -16.506557234209275,
        109.72893468569067
      ],
      "cm_under13": [
        -0.06683303495576053,
        1.6181461581169316,
        0.2235341292699155,
        9.980069679122076,
        2.6702095015036087,
        102.86486658415825
      ],
      "p_moments": [
        0.0,
        0.59,
        0.29,
        1.0,
        0.22,
        0.92
      ],
      "sig_higher_moments_count": 0,
      "cf_higher_mode_frac_sig": 0.30434782608695654,
      "peak_t": 1.749999999999976,
      "peak_diff": 0.34726543925924425,
      "peak_p": 0.0,
      "verdict": "MIXED"
    },
    "AST": {
      "stat": "AST",
      "n_13plus": 33,
      "n_under13": 403,
      "cm_13plus": [
        -0.16865897774711197,
        1.0952398949020246,
        -0.7532293494043945,
        5.735392187275983,
        -8.627644519883022,
        46.28491545531587
      ],
      "cm_under13": [
        0.03609605734827761,
        0.99132768117648,
        0.22742004017629233,
        5.032200212865659,
        3.265754195527114,
        44.597834091434216
      ],
      "p_moments": [
        0.22,
        0.8,
        0.2,
        0.88,
        0.26,
        0.98
      ],
      "sig_higher_moments_count": 0,
      "cf_higher_mode_frac_sig": 0.0,
      "peak_t": -5.0,
      "peak_diff": 0.12196624572946448,
      "peak_p": 0.58,
      "verdict": "PROCESS_ONLY"
    },
    "BLK": {
      "stat": "BLK",
      "n_13plus": 33,
      "n_under13": 403,
      "cm_13plus": [
        -0.12948464477538468,
        0.06101741427769668,
        -0.013341301858272647,
        0.018670457180217474,
        -0.008668566217191547,
        0.008327200324139099
      ],
      "cm_under13": [
        -0.003904897502559404,
        0.05777201256100991,
        -0.0009524067648159855,
        0.016835669700096558,
        -0.0008899524476875226,
        0.009470745824913642
      ],
      "p_moments": [
        0.0,
        0.83,
        0.16,
        0.91,
        0.13,
        0.96
      ],
      "sig_higher_moments_count": 0,
      "cf_higher_mode_frac_sig": 1.0,
      "peak_t": -3.7000000000000046,
      "peak_diff": 0.2595625816312959,
      "peak_p": 0.02,
      "verdict": "MIXED"
    }
  },
  "n_process_only": 1,
  "n_coupled": 0,
  "n_mixed": 3,
  "n_bootstrap": 100,
  "rng_seed": 20260505
}